iter	Passed	Remaining
0	24	24310
1	48	24188
2	69	23158
3	90	22424
4	113	22620
5	137	22701
6	159	22604
7	182	22573
8	205	22633
9	227	22571
10	250	22523
11	273	22508
12	296	22506
13	322	22679
14	346	22779
15	370	22756
16	393	22770
17	418	22818
18	441	22820
19	466	22845
20	490	22864
21	515	22913
22	538	22888
23	562	22890
24	586	22863
25	610	22860
26	634	22883
27	661	22961
28	689	23093
29	716	23169
30	741	23176
31	768	23232
32	791	23203
33	816	23211
34	841	23192
35	866	23204
36	890	23176
37	916	23208
38	943	23245
39	968	23243
40	992	23218
41	1017	23215
42	1042	23194
43	1067	23190
44	1091	23159
45	1117	23174
46	1141	23137
47	1166	23139
48	1190	23100
49	1214	23080
50	1237	23026
51	1261	22994
52	1284	22955
53	1307	22907
54	1330	22866
55	1353	22812
56	1377	22783
57	1401	22754
58	1423	22701
59	1446	22667
60	1470	22634
61	1493	22595
62	1517	22562
63	1540	22525
64	1564	22504
65	1588	22473
66	1610	22432
67	1634	22396
68	1656	22357
69	1680	22323
70	1705	22312
71	1728	22275
72	1752	22250
73	1774	22210
74	1797	22167
75	1819	22115
76	1841	22071
77	1866	22067
78	1891	22050
79	1914	22018
80	1937	21986
81	1960	21951
82	1985	21930
83	2008	21896
84	2031	21864
85	2054	21837
86	2077	21805
87	2110	21868
88	2142	21929
89	2165	21894
90	2188	21858
91	2210	21814
92	2232	21775
93	2255	21741
94	2278	21701
95	2300	21663
96	2323	21633
97	2345	21589
98	2368	21560
99	2391	21520
100	2414	21491
101	2437	21463
102	2460	21428
103	2483	21397
104	2507	21374
105	2529	21336
106	2555	21329
107	2577	21291
108	2599	21253
109	2622	21217
110	2644	21177
111	2666	21140
112	2689	21110
113	2712	21082
114	2735	21049
115	2758	21022
116	2780	20982
117	2802	20950
118	2825	20916
119	2847	20884
120	2871	20860
121	2894	20828
122	2919	20814
123	2941	20783
124	2966	20767
125	2989	20734
126	3010	20695
127	3033	20666
128	3055	20633
129	3077	20594
130	3100	20565
131	3136	20623
132	3171	20676
133	3204	20706
134	3220	20632
135	3242	20596
136	3263	20560
137	3288	20541
138	3311	20509
139	3333	20476
140	3356	20449
141	3378	20414
142	3400	20380
143	3423	20350
144	3444	20312
145	3467	20282
146	3489	20249
147	3511	20214
148	3533	20180
149	3556	20152
150	3578	20120
151	3601	20090
152	3622	20055
153	3644	20023
154	3653	19917
155	3675	19885
156	3699	19862
157	3721	19832
158	3743	19799
159	3765	19769
160	3788	19743
161	3810	19709
162	3831	19676
163	3854	19647
164	3877	19624
165	3900	19595
166	3922	19567
167	3944	19533
168	3966	19504
169	3989	19480
170	4011	19448
171	4033	19417
172	4055	19386
173	4077	19355
174	4099	19323
175	4122	19300
176	4144	19271
177	4166	19242
178	4190	19219
179	4215	19203
180	4238	19180
181	4273	19206
182	4307	19230
183	4329	19199
184	4352	19172
185	4373	19141
186	4396	19115
187	4420	19092
188	4442	19064
189	4464	19034
190	4487	19005
191	4509	18976
192	4532	18950
193	4554	18922
194	4576	18893
195	4598	18862
196	4620	18834
197	4642	18803
198	4665	18777
199	4689	18758
200	4712	18733
201	4735	18709
202	4759	18687
203	4784	18667
204	4809	18651
205	4833	18630
206	4858	18613
207	4881	18588
208	4907	18572
209	4929	18545
210	4953	18523
211	4977	18502
212	5001	18479
213	5024	18454
214	5047	18428
215	5070	18405
216	5094	18382
217	5118	18359
218	5141	18334
219	5163	18306
220	5187	18286
221	5210	18259
222	5232	18232
223	5255	18207
224	5279	18183
225	5301	18155
226	5323	18126
227	5345	18100
228	5367	18072
229	5390	18045
230	5411	18016
231	5433	17987
232	5456	17960
233	5479	17937
234	5503	17915
235	5525	17888
236	5547	17859
237	5569	17830
238	5592	17806
239	5614	17780
240	5637	17755
241	5662	17734
242	5684	17709
243	5708	17686
244	5731	17661
245	5754	17637
246	5777	17611
247	5799	17585
248	5823	17565
249	5846	17540
250	5868	17512
251	5891	17487
252	5913	17460
253	5936	17435
254	5958	17408
255	5979	17378
256	6002	17354
257	6024	17325
258	6045	17296
259	6067	17268
260	6088	17239
261	6110	17211
262	6132	17185
263	6154	17157
264	6176	17130
265	6197	17101
266	6219	17075
267	6242	17050
268	6264	17022
269	6286	16996
270	6308	16968
271	6329	16941
272	6352	16917
273	6375	16891
274	6397	16864
275	6418	16836
276	6451	16840
277	6477	16824
278	6500	16799
279	6522	16773
280	6544	16746
281	6566	16719
282	6589	16695
283	6610	16665
284	6632	16638
285	6654	16613
286	6677	16588
287	6699	16563
288	6745	16594
289	6777	16592
290	6801	16570
291	6822	16542
292	6845	16517
293	6867	16490
294	6890	16466
295	6912	16441
296	6936	16418
297	6958	16391
298	6981	16367
299	7006	16348
300	7029	16324
301	7051	16297
302	7074	16274
303	7096	16248
304	7119	16222
305	7141	16197
306	7163	16170
307	7185	16143
308	7209	16121
309	7230	16093
310	7253	16069
311	7274	16041
312	7297	16017
313	7321	15996
314	7344	15970
315	7366	15944
316	7392	15927
317	7429	15934
318	7466	15939
319	7492	15921
320	7517	15902
321	7540	15878
322	7563	15852
323	7585	15826
324	7607	15800
325	7630	15775
326	7653	15751
327	7676	15727
328	7699	15703
329	7722	15678
330	7746	15656
331	7767	15628
332	7790	15604
333	7813	15580
334	7836	15555
335	7858	15529
336	7880	15504
337	7905	15484
338	7927	15458
339	7950	15433
340	7971	15406
341	7993	15378
342	8015	15352
343	8037	15327
344	8059	15301
345	8082	15277
346	8104	15251
347	8125	15224
348	8148	15200
349	8171	15175
350	8193	15149
351	8215	15123
352	8238	15099
353	8260	15073
354	8282	15048
355	8304	15022
356	8327	14998
357	8348	14970
358	8371	14946
359	8392	14920
360	8414	14893
361	8435	14867
362	8457	14841
363	8480	14817
364	8503	14793
365	8526	14770
366	8548	14745
367	8572	14722
368	8603	14712
369	8633	14700
370	8658	14679
371	8681	14655
372	8706	14634
373	8728	14610
374	8754	14590
375	8777	14566
376	8799	14541
377	8822	14517
378	8846	14494
379	8871	14473
380	8895	14452
381	8919	14430
382	8943	14408
383	8967	14385
384	8993	14366
385	9018	14345
386	9043	14324
387	9066	14301
388	9092	14280
389	9116	14258
390	9140	14237
391	9164	14213
392	9188	14192
393	9213	14171
394	9237	14149
395	9263	14129
396	9287	14106
397	9309	14081
398	9331	14055
399	9353	14029
400	9376	14005
401	9398	13981
402	9422	13957
403	9444	13933
404	9467	13909
405	9491	13886
406	9513	13861
407	9539	13841
408	9567	13824
409	9599	13813
410	9625	13794
411	9651	13774
412	9676	13753
413	9698	13727
414	9720	13701
415	9743	13678
416	9765	13653
417	9790	13631
418	9812	13606
419	9835	13582
420	9859	13560
421	9887	13542
422	9913	13522
423	9939	13503
424	9964	13481
425	9989	13459
426	10013	13437
427	10038	13416
428	10063	13394
429	10086	13370
430	10111	13348
431	10133	13323
432	10158	13302
433	10184	13281
434	10209	13260
435	10232	13236
436	10257	13215
437	10281	13191
438	10306	13170
439	10333	13151
440	10357	13129
441	10381	13105
442	10404	13082
443	10428	13058
444	10450	13033
445	10476	13012
446	10499	12989
447	10523	12966
448	10546	12942
449	10570	12919
450	10594	12896
451	10617	12872
452	10641	12849
453	10664	12825
454	10690	12805
455	10712	12780
456	10735	12756
457	10760	12734
458	10799	12728
459	10825	12708
460	10848	12684
461	10873	12662
462	10897	12639
463	10923	12617
464	10946	12594
465	10971	12572
466	10996	12550
467	11019	12526
468	11047	12507
469	11071	12485
470	11096	12462
471	11119	12438
472	11144	12416
473	11166	12391
474	11190	12368
475	11214	12345
476	11238	12321
477	11261	12298
478	11286	12276
479	11311	12253
480	11334	12230
481	11358	12206
482	11381	12183
483	11405	12159
484	11429	12136
485	11453	12113
486	11477	12090
487	11500	12066
488	11540	12059
489	11564	12036
490	11589	12014
491	11612	11989
492	11639	11969
493	11662	11945
494	11687	11923
495	11712	11901
496	11737	11878
497	11761	11855
498	11784	11831
499	11808	11808
500	11833	11786
501	11857	11763
502	11881	11739
503	11905	11716
504	11929	11693
505	11953	11670
506	11978	11647
507	12001	11623
508	12025	11599
509	12048	11576
510	12073	11553
511	12096	11529
512	12119	11505
513	12144	11483
514	12168	11459
515	12191	11435
516	12214	11411
517	12241	11390
518	12265	11367
519	12289	11343
520	12313	11320
521	12337	11297
522	12361	11274
523	12384	11250
524	12408	11227
525	12431	11202
526	12455	11178
527	12478	11155
528	12502	11131
529	12528	11109
530	12552	11086
531	12577	11064
532	12600	11040
533	12624	11016
534	12647	10992
535	12671	10969
536	12696	10947
537	12719	10922
538	12743	10899
539	12767	10875
540	12792	10853
541	12815	10829
542	12840	10806
543	12863	10783
544	12888	10760
545	12912	10736
546	12948	10723
547	12979	10705
548	13003	10682
549	13027	10658
550	13050	10634
551	13078	10614
552	13102	10590
553	13126	10567
554	13148	10542
555	13172	10519
556	13196	10495
557	13219	10471
558	13244	10448
559	13267	10424
560	13292	10401
561	13317	10379
562	13343	10357
563	13367	10333
564	13391	10310
565	13415	10286
566	13438	10262
567	13463	10239
568	13486	10215
569	13511	10192
570	13535	10169
571	13558	10145
572	13582	10121
573	13605	10097
574	13630	10074
575	13653	10050
576	13679	10028
577	13702	10004
578	13727	9981
579	13751	9957
580	13794	9948
581	13820	9926
582	13845	9903
583	13869	9879
584	13894	9856
585	13917	9832
586	13943	9810
587	13966	9785
588	13990	9762
589	14014	9738
590	14039	9716
591	14063	9692
592	14086	9667
593	14110	9644
594	14136	9622
595	14160	9598
596	14184	9575
597	14208	9551
598	14231	9527
599	14256	9504
600	14280	9480
601	14304	9457
602	14329	9434
603	14353	9410
604	14376	9386
605	14401	9363
606	14426	9340
607	14451	9317
608	14475	9293
609	14499	9270
610	14524	9247
611	14550	9224
612	14576	9202
613	14600	9178
614	14626	9156
615	14652	9133
616	14677	9111
617	14702	9087
618	14727	9064
619	14753	9042
620	14778	9019
621	14803	8996
622	14828	8973
623	14854	8950
624	14879	8927
625	14904	8904
626	14929	8881
627	14960	8862
628	15004	8850
629	15032	8828
630	15060	8807
631	15090	8786
632	15129	8771
633	15154	8748
634	15179	8725
635	15204	8702
636	15229	8678
637	15256	8656
638	15284	8635
639	15309	8611
640	15333	8587
641	15358	8564
642	15384	8541
643	15408	8517
644	15433	8494
645	15457	8470
646	15485	8448
647	15510	8425
648	15535	8402
649	15560	8378
650	15586	8355
651	15610	8331
652	15635	8308
653	15659	8284
654	15687	8262
655	15711	8238
656	15737	8216
657	15764	8193
658	15790	8170
659	15814	8147
660	15838	8122
661	15861	8098
662	15886	8075
663	15910	8051
664	15934	8026
665	15957	8002
666	15981	7978
667	16004	7954
668	16029	7930
669	16052	7906
670	16076	7882
671	16101	7859
672	16125	7835
673	16150	7811
674	16175	7788
675	16199	7764
676	16223	7740
677	16247	7716
678	16271	7692
679	16294	7667
680	16319	7644
681	16342	7620
682	16366	7596
683	16390	7572
684	16413	7547
685	16437	7523
686	16460	7499
687	16484	7475
688	16509	7451
689	16534	7428
690	16561	7405
691	16584	7381
692	16607	7357
693	16632	7333
694	16656	7309
695	16682	7286
696	16705	7262
697	16730	7238
698	16755	7215
699	16778	7190
700	16803	7167
701	16829	7144
702	16855	7121
703	16882	7098
704	16908	7075
705	16932	7051
706	16957	7027
707	16983	7004
708	17008	6980
709	17033	6957
710	17061	6934
711	17086	6911
712	17111	6887
713	17136	6864
714	17161	6840
715	17185	6816
716	17211	6793
717	17235	6769
718	17274	6751
719	17300	6727
720	17324	6703
721	17349	6680
722	17377	6657
723	17402	6634
724	17428	6610
725	17452	6586
726	17477	6563
727	17501	6539
728	17526	6515
729	17548	6490
730	17573	6466
731	17597	6442
732	17621	6418
733	17644	6394
734	17670	6370
735	17695	6347
736	17719	6323
737	17743	6299
738	17767	6275
739	17792	6251
740	17816	6227
741	17839	6202
742	17864	6179
743	17889	6155
744	17914	6131
745	17938	6107
746	17963	6084
747	17987	6059
748	18012	6036
749	18035	6011
750	18061	5988
751	18085	5964
752	18110	5940
753	18133	5916
754	18158	5892
755	18183	5868
756	18208	5844
757	18232	5820
758	18258	5797
759	18282	5773
760	18306	5749
761	18331	5725
762	18355	5701
763	18379	5677
764	18403	5653
765	18428	5629
766	18452	5605
767	18477	5581
768	18502	5558
769	18527	5534
770	18552	5510
771	18577	5486
772	18601	5462
773	18626	5438
774	18651	5415
775	18677	5391
776	18701	5367
777	18726	5343
778	18753	5320
779	18778	5296
780	18802	5272
781	18827	5248
782	18851	5224
783	18877	5200
784	18900	5176
785	18924	5152
786	18949	5128
787	18972	5104
788	18998	5080
789	19022	5056
790	19047	5032
791	19070	5008
792	19094	4984
793	19118	4960
794	19144	4936
795	19167	4912
796	19191	4888
797	19215	4864
798	19240	4840
799	19264	4816
800	19287	4791
801	19310	4767
802	19333	4743
803	19358	4719
804	19382	4695
805	19406	4670
806	19451	4651
807	19476	4628
808	19500	4604
809	19524	4579
810	19549	4556
811	19574	4532
812	19597	4507
813	19622	4483
814	19646	4459
815	19672	4435
816	19695	4411
817	19719	4387
818	19744	4363
819	19768	4339
820	19792	4315
821	19815	4291
822	19839	4266
823	19862	4242
824	19887	4218
825	19911	4194
826	19936	4170
827	19959	4146
828	19985	4122
829	20008	4098
830	20032	4074
831	20057	4050
832	20080	4025
833	20104	4001
834	20127	3977
835	20151	3953
836	20175	3929
837	20201	3905
838	20225	3881
839	20249	3857
840	20273	3832
841	20296	3808
842	20323	3785
843	20346	3760
844	20371	3736
845	20395	3712
846	20419	3688
847	20442	3664
848	20466	3640
849	20491	3616
850	20515	3592
851	20539	3567
852	20562	3543
853	20588	3519
854	20613	3495
855	20637	3471
856	20661	3447
857	20685	3423
858	20709	3399
859	20732	3375
860	20757	3351
861	20781	3326
862	20806	3303
863	20830	3278
864	20854	3254
865	20878	3230
866	20902	3206
867	20926	3182
868	20951	3158
869	20974	3134
870	20997	3109
871	21022	3085
872	21045	3061
873	21069	3037
874	21092	3013
875	21115	2988
876	21142	2965
877	21165	2940
878	21189	2916
879	21212	2892
880	21236	2868
881	21260	2844
882	21284	2820
883	21307	2795
884	21330	2771
885	21354	2747
886	21378	2723
887	21402	2699
888	21426	2675
889	21449	2651
890	21474	2627
891	21497	2602
892	21522	2578
893	21545	2554
894	21571	2530
895	21609	2508
896	21633	2484
897	21659	2460
898	21682	2435
899	21706	2411
900	21733	2387
901	21757	2363
902	21780	2339
903	21804	2315
904	21827	2291
905	21852	2267
906	21877	2243
907	21901	2219
908	21925	2194
909	21948	2170
910	21972	2146
911	21996	2122
912	22020	2098
913	22043	2074
914	22066	2049
915	22090	2025
916	22114	2001
917	22139	1977
918	22162	1953
919	22185	1929
920	22209	1905
921	22233	1880
922	22258	1856
923	22285	1833
924	22309	1808
925	22332	1784
926	22356	1760
927	22379	1736
928	22405	1712
929	22428	1688
930	22452	1664
931	22475	1639
932	22498	1615
933	22523	1591
934	22546	1567
935	22570	1543
936	22593	1519
937	22616	1494
938	22643	1470
939	22668	1446
940	22692	1422
941	22715	1398
942	22744	1374
943	22767	1350
944	22790	1326
945	22814	1302
946	22838	1278
947	22861	1254
948	22886	1229
949	22910	1205
950	22933	1181
951	22957	1157
952	22982	1133
953	23006	1109
954	23028	1085
955	23052	1060
956	23076	1036
957	23099	1012
958	23123	988
959	23148	964
960	23174	940
961	23197	916
962	23221	892
963	23244	868
964	23268	843
965	23291	819
966	23314	795
967	23338	771
968	23362	747
969	23387	723
970	23410	699
971	23432	675
972	23457	650
973	23481	626
974	23505	602
975	23528	578
976	23551	554
977	23575	530
978	23598	506
979	23623	482
980	23646	457
981	23672	433
982	23695	409
983	23720	385
984	23748	361
985	23782	337
986	23806	313
987	23828	289
988	23853	265
989	23877	241
990	23904	217
991	23927	192
992	23950	168
993	23973	144
994	23996	120
995	24022	96
996	24045	72
997	24069	48
998	24091	24
999	24114	0
